"image_url","board_id"
"https://wecode.co.kr/static/media/song.eddbf8f7.png","1"
"https://images.unsplash.com/photo-1493612276216-ee3925520721?ixid=MXwxMjA3fDB8MHxwaG90by1wYWdlfHx8fGVufDB8fHw%3D&ixlib=rb-1.2.1&auto=format&fit=crop&w=1300&q=80","1"
"https://images.unsplash.com/photo-1514580426463-fd77dc4d0672?ixid=MXwxMjA3fDB8MHxwaG90by1wYWdlfHx8fGVufDB8fHw%3D&ixlib=rb-1.2.1&auto=format&fit=crop&w=930&q=80","1"
"https://wecode.co.kr/static/media/son.1887ee25.png","2"
"https://images.unsplash.com/photo-1566765790386-c43812572bc2?ixid=MXwxMjA3fDB8MHxwaG90by1wYWdlfHx8fGVufDB8fHw%3D&ixlib=rb-1.2.1&auto=format&fit=crop&w=975&q=80","2"
"https://wecode.co.kr/static/media/kim-doori.36c6b878.png","3"
"https://images.unsplash.com/photo-1523374488371-bf3bafcf86bb?ixid=MXwxMjA3fDB8MHxwaG90by1wYWdlfHx8fGVufDB8fHw%3D&ixlib=rb-1.2.1&auto=format&fit=crop&w=1400&q=80","3"
"https://images.unsplash.com/photo-1600634999627-c52556dff978?ixid=MXwxMjA3fDB8MHxwaG90by1wYWdlfHx8fGVufDB8fHw%3D&ixlib=rb-1.2.1&auto=format&fit=crop&w=1867&q=80","3"
"https://images.unsplash.com/photo-1563208538-8d69b80512ba?ixid=MXwxMjA3fDB8MHxwaG90by1wYWdlfHx8fGVufDB8fHw%3D&ixlib=rb-1.2.1&auto=format&fit=crop&w=1000&q=80","3"
"https://wecode.co.kr/static/media/yoon.532096c4.png","4"
"https://images.unsplash.com/photo-1514228742587-6b1558fcca3d?ixid=MXwxMjA3fDB8MHxzZWFyY2h8MXx8Y3VwfGVufDB8fDB8&ixlib=rb-1.2.1&auto=format&fit=crop&w=800&q=60","4"
"https://wecode.co.kr/static/media/jun.89152076.png","5"
"https://images.unsplash.com/photo-1606787364406-a3cdf06c6d0c?ixid=MXwxMjA3fDF8MHxwaG90by1wYWdlfHx8fGVufDB8fHw%3D&ixlib=rb-1.2.1&auto=format&fit=crop&w=934&q=80","5"
"https://images.unsplash.com/photo-1556912173-46c336c7fd55?ixid=MXwxMjA3fDB8MHxwaG90by1wYWdlfHx8fGVufDB8fHw%3D&ixlib=rb-1.2.1&auto=format&fit=crop&w=934&q=80","5"
"https://wecode.co.kr/static/media/taeck.283abc8b.png","6"
"https://images.unsplash.com/photo-1533093818119-ac1fa47a6d59?ixlib=rb-1.2.1&ixid=MXwxMjA3fDB8MHxwaG90by1wYWdlfHx8fGVufDB8fHw%3D&auto=format&fit=crop&w=934&q=80","6"
"https://images.unsplash.com/photo-1552321554-5fefe8c9ef14?ixid=MXwxMjA3fDB8MHxwaG90by1wYWdlfHx8fGVufDB8fHw%3D&ixlib=rb-1.2.1&auto=format&fit=crop&w=934&q=80","6"
"https://wecode.co.kr/static/media/yang.0aac1edb.png","7"
"https://images.unsplash.com/photo-1574946943172-4800feadfab7?ixid=MXwxMjA3fDB8MHxwaG90by1wYWdlfHx8fGVufDB8fHw%3D&ixlib=rb-1.2.1&auto=format&fit=crop&w=1000&q=80","7"
"https://wecode.co.kr/static/media/park.2efd61a7.png","8"
"https://images.unsplash.com/flagged/photo-1553802922-5609062365b9?ixid=MXwxMjA3fDB8MHxwaG90by1wYWdlfHx8fGVufDB8fHw%3D&ixlib=rb-1.2.1&auto=format&fit=crop&w=1951&q=80","8"
"https://images.unsplash.com/photo-1480923677060-c083d4cde921?ixlib=rb-1.2.1&ixid=MXwxMjA3fDB8MHxwaG90by1wYWdlfHx8fGVufDB8fHw%3D&auto=format&fit=crop&w=1950&q=80","8"
"https://images.unsplash.com/photo-1569385210018-127685230669?ixid=MXwxMjA3fDB8MHxwaG90by1wYWdlfHx8fGVufDB8fHw%3D&ixlib=rb-1.2.1&auto=format&fit=crop&w=1400&q=80","8"
"https://wecode.co.kr/static/media/lee-so.39e2a003.png","9"
"https://images.unsplash.com/photo-1551050003-07fad65e9e47?ixid=MXwxMjA3fDB8MHxwaG90by1wYWdlfHx8fGVufDB8fHw%3D&ixlib=rb-1.2.1&auto=format&fit=crop&w=1950&q=80","9"
"https://images.unsplash.com/photo-1546345352-9b13905ebd40?ixid=MXwxMjA3fDB8MHxwaG90by1wYWdlfHx8fGVufDB8fHw%3D&ixlib=rb-1.2.1&auto=format&fit=crop&w=2166&q=80","9"
"https://wecode.co.kr/static/media/woon.5a6e9bc9.png","10"
"https://images.unsplash.com/photo-1492707892479-7bc8d5a4ee93?ixlib=rb-1.2.1&ixid=MXwxMjA3fDB8MHxwaG90by1wYWdlfHx8fGVufDB8fHw%3D&auto=format&fit=crop&w=1301&q=80","10"
"https://wecode.co.kr/static/media/shin.76d5cc6c.png","11"
"https://images.unsplash.com/photo-1526280760714-f9e8b26f318f?ixid=MXwxMjA3fDB8MHxwaG90by1wYWdlfHx8fGVufDB8fHw%3D&ixlib=rb-1.2.1&auto=format&fit=crop&w=1934&q=80","11"
"https://images.unsplash.com/photo-1494599948593-3dafe8338d71?ixid=MXwxMjA3fDB8MHxwaG90by1wYWdlfHx8fGVufDB8fHw%3D&ixlib=rb-1.2.1&auto=format&fit=crop&w=2100&q=80","11"
"https://wecode.co.kr/static/media/gwan.c332a03c.png","12"
"https://images.unsplash.com/photo-1533305837692-8fffbe9ee037?ixid=MXwxMjA3fDB8MHxwaG90by1wYWdlfHx8fGVufDB8fHw%3D&ixlib=rb-1.2.1&auto=format&fit=crop&w=933&q=80","12"
"https://wecode.co.kr/static/media/kim-yeri.e5766bea.png","13"
"https://images.unsplash.com/photo-1555146185-67daf58a62a9?ixlib=rb-1.2.1&ixid=MXwxMjA3fDB8MHxwaG90by1wYWdlfHx8fGVufDB8fHw%3D&auto=format&fit=crop&w=934&q=80","13"
"https://images.unsplash.com/photo-1560362415-30f043a237ec?ixid=MXwxMjA3fDB8MHxwaG90by1wYWdlfHx8fGVufDB8fHw%3D&ixlib=rb-1.2.1&auto=format&fit=crop&w=934&q=80","13"